{
    "Author": "Cordelia",
    "Name": "client-primer",
    "InternalName": "client-primer",
    "Punchline": "Enhance your venue experience with embedded livestreams!",
    "Description": "Embed livestreams into your game to watch DJ's or stream events while you enjoy the venue experience!",
    "ApplicableVersion": "any",
    "Tags": [
        "BDSM"
    ],
    "IconUrl": "https://raw.githubusercontent.com/Project-GagSpeak/repo/main/ProjectGagSpeak/images/icon.png",
    "RepoUrl": "https://github.com/Project-GagSpeak/client-primer"
}
